risk_band,cases,fraud_rate,flagged_rate,avg_risk_score
high,357,0.5014005602240896,1.0,0.9006811779971426
low,2631,0.005701254275940707,0.0,0.04560219673003601
medium,309,0.0744336569579288,0.3365695792880259,0.45033136421578035
